,Classifier,Processor_type,Processor_model,Voters_number,Mean,SD,All_runs
0,fbCCA,CPU,Apple Silicon M2 Max CPU 8 core 3.5 Ghz and 4 core 2.4 Ghz,10,12.401533758605364,0.34655314824728684,[12.61270308 12.22828042 12.52520004 11.82197492 12.81951033]
1,MEC,CPU,Apple Silicon M2 Max CPU 8 core 3.5 Ghz and 4 core 2.4 Ghz,10,67.5088877086062,15.526224794220804,[60.86046217 98.53550329 59.27087042 59.85613092 59.02147175]
2,MSI,CPU,Apple Silicon M2 Max CPU 8 core 3.5 Ghz and 4 core 2.4 Ghz,10,10.185122358403168,0.7990836814464185,[11.63643937 10.33143246  9.43990258  9.48846142 10.02937596]
