,Classifier,Processor_type,Processor_model,Voters_number,Mean,SD,All_runs
0,fbCCA,CPU,Apple Silicon M2 Max CPU 8 core 3.5 Ghz and 4 core 2.4 Ghz,1,24.453991408413277,1.433753934413511,[21.90115767 25.92168921 23.92137754 25.17649496 25.34923767]
1,MEC,CPU,Apple Silicon M2 Max CPU 8 core 3.5 Ghz and 4 core 2.4 Ghz,1,31.673131275211926,0.9858798386140127,[33.14397667 31.07349796 32.55316604 30.67718525 30.91783046]
2,MSI,CPU,Apple Silicon M2 Max CPU 8 core 3.5 Ghz and 4 core 2.4 Ghz,1,6.473464899999089,0.3568816518104504,[5.91993725 6.94141913 6.23245779 6.64103896 6.63247137]
