,Classifier,Processor_type,Processor_model,Voters_number,Mean,SD,All_runs
0,fbCCA,CPU,Apple Silicon M2 Max CPU 8 core 3.5 Ghz and 4 core 2.4 Ghz,1,8.812097791617271,0.4711516828091919,[9.46207042 8.99315167 8.32600267 8.21601829 9.06324592]
1,MEC,CPU,Apple Silicon M2 Max CPU 8 core 3.5 Ghz and 4 core 2.4 Ghz,1,24.720175758202096,0.1994935530926346,[24.43739662 24.73779992 25.05260767 24.63204108 24.7410335 ]
2,MSI,CPU,Apple Silicon M2 Max CPU 8 core 3.5 Ghz and 4 core 2.4 Ghz,1,0.6439574752235785,0.024602193146969834,[0.65252913 0.62282533 0.65230796 0.68090288 0.61122208]
