,Classifier,Processor_type,Processor_model,Voters_number,Mean,SD,All_runs
0,fbCCA,CPU,Apple Silicon M2 Max CPU 8 core 3.5 Ghz and 4 core 2.4 Ghz,1,8.362153891798517,0.3164403975117025,[8.15857904 7.94051767 8.32732396 8.51552133 8.86882746]
1,MEC,CPU,Apple Silicon M2 Max CPU 8 core 3.5 Ghz and 4 core 2.4 Ghz,1,23.043567249801708,0.23098779146044793,[23.22801479 22.98826838 23.00389196 22.66407613 23.333585  ]
2,MSI,CPU,Apple Silicon M2 Max CPU 8 core 3.5 Ghz and 4 core 2.4 Ghz,1,0.658233358200232,0.05635844557113463,[0.60552683 0.63189796 0.72977017 0.72225267 0.60171917]
