,Classifier,Processor_type,Processor_model,Voters_number,Mean,SD,All_runs
0,fbCCA,CPU,Apple Silicon M2 Max CPU 8 core 3.5 Ghz and 4 core 2.4 Ghz,10,9.64617540820036,0.3436177994067993,[ 9.65985513  9.85583137  9.46166896 10.13244188  9.12107971]
1,MEC,CPU,Apple Silicon M2 Max CPU 8 core 3.5 Ghz and 4 core 2.4 Ghz,10,47.56332752500894,0.3445664352635697,[47.53870367 47.25555833 47.14465325 47.79574808 48.08197429]
2,MSI,CPU,Apple Silicon M2 Max CPU 8 core 3.5 Ghz and 4 core 2.4 Ghz,10,0.7854580252082087,0.02099907890337231,[0.76524325 0.76799579 0.79093808 0.77984375 0.82326925]
