,Classifier,Processor_type,Processor_model,Voters_number,Mean,SD,All_runs
0,fbCCA,CPU,Apple Silicon M2 Max CPU 8 core 3.5 Ghz and 4 core 2.4 Ghz,100,10.70236413340317,0.6171441356073694,[11.16939567 10.88538142 10.94447767 11.02962792  9.482938  ]
1,MEC,CPU,Apple Silicon M2 Max CPU 8 core 3.5 Ghz and 4 core 2.4 Ghz,100,56.60391023339471,0.2293012386813196,[56.75895471 56.97285992 56.51085138 56.36374375 56.41314142]
2,MSI,CPU,Apple Silicon M2 Max CPU 8 core 3.5 Ghz and 4 core 2.4 Ghz,100,0.8415837085922249,0.008824793160197476,[0.85055942 0.85391437 0.83413888 0.83302821 0.83627767]
