,Classifier,Processor_type,Processor_model,Voters_number,Mean,SD,All_runs
0,fbCCA,CPU,Apple Silicon M2 Max CPU 8 core 3.5 Ghz and 4 core 2.4 Ghz,1,19.196149566798702,1.6736591904475648,[22.30097533 17.50411037 18.05625212 18.77149038 19.34791962]
1,MEC,CPU,Apple Silicon M2 Max CPU 8 core 3.5 Ghz and 4 core 2.4 Ghz,1,28.632430425001075,0.7883883508681375,[28.35352163 29.18684229 28.46257142 27.42025817 29.73895862]
2,MSI,CPU,Apple Silicon M2 Max CPU 8 core 3.5 Ghz and 4 core 2.4 Ghz,1,3.689352816600876,0.246780321881833,[3.49243413 3.61242421 3.39126892 3.91448671 4.03615013]
