,Classifier,Processor_type,Processor_model,Voters_number,Mean,SD,All_runs
0,fbCCA,CPU,Apple Silicon M2 Max CPU 8 core 3.5 Ghz and 4 core 2.4 Ghz,10,9.434341974798008,0.27993054448792265,[9.28153425 9.76802787 9.30829792 9.75313192 9.06071792]
1,MEC,CPU,Apple Silicon M2 Max CPU 8 core 3.5 Ghz and 4 core 2.4 Ghz,10,45.291374449801516,0.3282203554567807,[45.12433408 44.74788188 45.35286938 45.59410417 45.63768275]
2,MSI,CPU,Apple Silicon M2 Max CPU 8 core 3.5 Ghz and 4 core 2.4 Ghz,10,0.7711219496020931,0.003821845463600487,[0.76733667 0.77653204 0.7741615  0.76663129 0.77094825]
