,Classifier,Processor_type,Processor_model,Voters_number,Mean,SD,All_runs
0,fbCCA,CPU,Apple Silicon M2 Max CPU 8 core 3.5 Ghz and 4 core 2.4 Ghz,1,8.450789749997785,0.11923062149242046,[8.50493533 8.24848996 8.40156925 8.49789362 8.60106058]
1,MEC,CPU,Apple Silicon M2 Max CPU 8 core 3.5 Ghz and 4 core 2.4 Ghz,1,23.09468600800028,0.32094048073933285,[22.93150504 23.07556921 22.66980538 23.15011788 23.64643254]
2,MSI,CPU,Apple Silicon M2 Max CPU 8 core 3.5 Ghz and 4 core 2.4 Ghz,1,0.6565395251993322,0.05490300411056595,[0.60319725 0.70520442 0.69395333 0.57723325 0.70310937]
