,Classifier,Processor_type,Processor_model,Voters_number,Mean,SD,All_runs
0,fbCCA,CPU,Apple Silicon M2 Max CPU 8 core 3.5 Ghz and 4 core 2.4 Ghz,10,11.819870974798686,0.1158909994801083,[11.79566725 11.6422025  11.79209804 11.87199612 11.99739096]
1,MEC,CPU,Apple Silicon M2 Max CPU 8 core 3.5 Ghz and 4 core 2.4 Ghz,10,54.427217141800796,0.6237781441420165,[54.6837     53.76173079 55.48814137 53.87901842 54.32349513]
2,MSI,CPU,Apple Silicon M2 Max CPU 8 core 3.5 Ghz and 4 core 2.4 Ghz,10,6.174764725401474,0.8325420322381529,[5.76437421 6.45846171 6.83129117 7.05992183 4.75977471]
