,Classifier,Processor_type,Processor_model,Voters_number,Mean,SD,All_runs
0,fbCCA,CPU,Apple Silicon M2 Max CPU 8 core 3.5 Ghz and 4 core 2.4 Ghz,100,10.40627935819939,0.25267705485501324,[10.46474058 10.17185554 10.05634163 10.67678717 10.66167188]
1,MEC,CPU,Apple Silicon M2 Max CPU 8 core 3.5 Ghz and 4 core 2.4 Ghz,100,54.196412316599165,0.43652289277237943,[54.70769775 53.76797646 53.83743042 53.921684   54.74727296]
2,MSI,CPU,Apple Silicon M2 Max CPU 8 core 3.5 Ghz and 4 core 2.4 Ghz,100,0.8251670919999015,0.017616127941439207,[0.83785604 0.79060142 0.83270508 0.82808067 0.83659225]
